chrY	2786521	A	G	2.94681e-05	
chrY	2786613	C	T	2.97486e-05	
chrY	2786643	A	G	2.96789e-05	
chrY	2786646	T	G	2.97885e-05	
chrY	2786656	A	AT	9.01199e-05	
chrY	2786664	T	G	2.97212e-05	
chrY	2786687	C	T	2.98205e-05	
chrY	2786767	C	A	2.94221e-05	
chrY	2786795	GTTAATCGTGTT	G	2.94533e-05	
chrY	2786889	GA	G	2.94308e-05	
chrY	2786919	G	C	8.82613e-05	
chrY	2786925	G	T	2.94985e-05	
chrY	2786926	C	T	0.00068227	
chrY	2786965	T	C	2.96789e-05	
chrY	2787015	G	A	3.02526e-05	
chrY	2787019	C	A	3.03914e-05	
chrY	2787021	G	T	3.02893e-05	
chrY	2787026	T	C	3.0248e-05	
chrY	2787108	C	T	3.02334e-05	
chrY	2787139	G	A	0.00177492	
chrY	2787166	G	A	2.9967e-05	
chrY	2787187	C	A	2.97451e-05	
chrY	2787188	G	C	2.98811e-05	
chrY	2787248	A	C	5.96641e-05	
chrY	2787318	A	T	6.01504e-05	
chrY	2787430	A	C	0.000214435	
chrY	2787476	T	G	3.00716e-05	
chrY	2787492	C	G	3.00345e-05	
chrY	2787519	G	A	2.99832e-05	
chrY	2787526	G	C	2.99563e-05	
chrY	2787642	C	T	3.03076e-05	
chrY	2787671	A	G	3.02911e-05	
chrY	2787678	C	T	6.03154e-05	
chrY	2787685	C	T	6.08217e-05	
chrY	2787688	A	T	3.04229e-05	
chrY	2787713	A	T	3.05857e-05	
chrY	2787759	A	G	3.13244e-05	
chrY	2787771	C	T	3.11449e-05	
chrY	2787772	C	A	3.10752e-05	
chrY	2787774	T	TC	3.13765e-05	
chrY	2787776	G	A	3.16006e-05	
chrY	2787807	A	C	3.10829e-05	
chrY	2787874	T	A	3.03463e-05	
chrY	2934687	A	AT	3.02334e-05	
chrY	2934687	A	T	3.02334e-05	
chrY	2934701	G	A	3.14535e-05	
chrY	2934707	G	A	3.16576e-05	
chrY	2934708	A	C	3.07513e-05	
chrY	2934721	T	C	3.15956e-05	
chrY	2934725	C	A	3.08718e-05	
chrY	2934742	CTG	C	9.42093e-05	
chrY	2934756	T	A	6.23655e-05	
chrY	2934760	C	G	3.19744e-05	
chrY	2934761	TTTC	T	0.000218341	
chrY	2934762	TTC	T	6.19023e-05	
chrY	2934763	T	A	3.11226e-05	
chrY	2934764	C	CT	0.0011754	
chrY	2934764	CT	C	0.00251764	
chrY	2934764	CTTTTTTT	C	3.78874e-05	
chrY	2934767	T	TC	3.13332e-05	
chrY	2934768	T	C	0.00012332	
chrY	2934779	T	A	3.15587e-05	
chrY	2934779	T	TA	0.000378692	
chrY	2934780	A	T	3.39593e-05	
chrY	2934786	A	C	3.22227e-05	
chrY	2934788	C	G	6.88539e-05	
chrY	2934801	G	T	6.39795e-05	
chrY	2934806	A	G	3.23845e-05	
chrY	2934809	CTA	C	3.31071e-05	
chrY	2934820	T	C	6.26959e-05	
chrY	2934821	A	G	9.9519e-05	
chrY	2934833	C	T	3.13598e-05	
chrY	2934849	A	G	3.08414e-05	
chrY	2934869	G	A	3.06814e-05	
chrY	2934869	G	C	6.13629e-05	
chrY	2934872	C	G	6.23519e-05	
chrY	2934886	C	T	6.11471e-05	
chrY	2934895	A	G	3.03012e-05	
chrY	2934898	A	C	3.02261e-05	
chrY	2934924	C	A	2.99464e-05	
chrY	2934940	G	C	5.94301e-05	
chrY	2934963	G	A	2.97947e-05	
chrY	2934969	G	T	5.94265e-05	
chrY	2934978	A	G	5.9673e-05	
chrY	2934996	G	A	2.94023e-05	
chrY	2934996	G	C	2.94023e-05	
chrY	2934998	T	C	0.000119318	
chrY	2935025	G	C	2.96209e-05	
chrY	2935034	G	C	2.9577e-05	
chrY	2935049	A	G	2.96446e-05	
chrY	2935051	T	G	2.99365e-05	
chrY	2935100	G	A	3.07116e-05	
chrY	2935103	C	A	6.1979e-05	
chrY	2935104	G	A	3.0068e-05	
chrY	2935105	T	C	6.33633e-05	
chrY	2935129	G	A	6.0163e-05	
chrY	2935165	A	G	3.04804e-05	
chrY	2935173	C	A	2.97097e-05	
chrY	2935181	G	A	2.99115e-05	
chrY	2935189	C	T	3.01377e-05	
chrY	2935201	G	A	5.88374e-05	
chrY	2935220	G	A	2.94733e-05	
chrY	2935225	C	G	2.96437e-05	
chrY	2935225	C	T	0.000207506	
chrY	2935234	TC	T	3.02939e-05	
chrY	2935235	C	T	5.88564e-05	
chrY	2935236	C	G	2.95412e-05	
chrY	2935246	C	G	2.96068e-05	
chrY	2935256	C	T	0.00423152	
chrY	2935258	C	A	2.96956e-05	
chrY	2935286	C	G	2.9215e-05	
chrY	2935287	G	A	2.92475e-05	
chrY	2935292	C	A	2.92603e-05	
chrY	2935311	G	A	2.92766e-05	
chrY	2935339	T	TCCTC	3.08242e-05	
chrY	2935344	C	T	8.71738e-05	
chrY	2935346	T	G	3.18898e-05	
chrY	2935349	C	T	2.90158e-05	
chrY	2935379	C	T	2.91392e-05	
chrY	2935390	G	A	2.9436e-05	
chrY	2935391	A	G	5.95274e-05	
chrY	2935399	C	T	8.78838e-05	
chrY	2935436	A	C	2.97115e-05	
chrY	2935442	G	A	2.92363e-05	
chrY	2935444	C	T	2.89956e-05	
chrY	2935458	G	A	2.90394e-05	
chrY	2935465	C	T	8.69212e-05	
chrY	2935467	CGGCCGCGG	C	2.89159e-05	
chrY	2935471	C	A	2.89805e-05	
chrY	2935481	A	G	0.000235094	
chrY	2935482	G	A	2.88659e-05	
chrY	2935494	T	A	5.83635e-05	
chrY	2935497	C	T	2.8865e-05	
chrY	2935504	G	A	2.87621e-05	
chrY	2935504	G	C	2.87621e-05	
chrY	2935512	G	A	2.8767e-05	
chrY	2935517	C	T	2.87208e-05	
chrY	2935525	A	C	5.77451e-05	
chrY	2935540	G	A	2.86747e-05	
chrY	2935541	C	G	2.8582e-05	
chrY	2935550	C	G	2.85649e-05	
chrY	2935551	C	A	5.72853e-05	
chrY	2935555	G	T	2.85413e-05	
chrY	2935564	G	A	2.85625e-05	
chrY	2935575	G	C	2.84641e-05	
chrY	2935580	C	T	0.00313828	
chrY	2935583	G	C	2.84706e-05	
chrY	2935600	C	T	2.84787e-05	
chrY	2935603	G	A	2.84107e-05	
chrY	2935615	T	C	5.72181e-05	
chrY	2935617	G	A	5.70776e-05	
chrY	2935617	G	T	0.000142698	
chrY	2935621	T	G	2.85951e-05	
chrY	2935625	C	G	0.00011442	
chrY	2935643	C	A	2.87035e-05	
chrY	2935643	C	G	2.87035e-05	
chrY	2935716	C	G	2.87936e-05	
chrY	2935733	G	C	2.88775e-05	
chrY	2935739	G	A	2.89126e-05	
chrY	2935740	G	C	2.89076e-05	
chrY	2935742	G	A	2.89352e-05	
chrY	2935746	G	A	5.78369e-05	
chrY	2935747	A	G	2.91758e-05	
chrY	2935747	A	T	0.000175055	
chrY	2935750	G	C	0.000521648	
chrY	2935755	G	C	5.80383e-05	
chrY	2935762	G	C	5.80653e-05	
chrY	2935778	C	T	2.95832e-05	
chrY	2935780	G	C	2.91036e-05	
chrY	2935790	G	A	2.92056e-05	
chrY	2935792	G	T	2.92329e-05	
chrY	2935819	G	A	2.91996e-05	
chrY	2935831	G	A	2.90867e-05	
chrY	2935837	G	A	2.90495e-05	
chrY	2935840	G	T	0.000261628	
chrY	2935850	C	T	2.94507e-05	
chrY	2935857	T	C	2.96033e-05	
chrY	2935861	C	G	2.94977e-05	
chrY	2935880	T	C	2.99473e-05	
chrY	2935909	C	A	2.90977e-05	
chrY	2935911	TC	T	2.92586e-05	
chrY	2935929	G	GA	2.9146e-05	
chrY	2935935	AAAT	A	2.90926e-05	
chrY	2935943	T	A	2.91494e-05	
chrY	2935950	C	T	2.89469e-05	
chrY	2935975	A	ACGG	2.91766e-05	
chrY	2935975	A	ACGGCGG	0.000116707	
chrY	2935976	C	T	2.91138e-05	
chrY	2935983	G	C	2.88859e-05	
chrY	2935987	G	A	5.76701e-05	
chrY	2935993	G	C	2.87662e-05	
chrY	2936003	C	T	2.88759e-05	
chrY	2936014	C	T	2.8801e-05	
chrY	2936026	A	G	2.86131e-05	
chrY	2936027	C	T	2.85714e-05	
chrY	2936032	C	G	2.85869e-05	
chrY	2936038	C	T	2.85894e-05	
chrY	2936054	C	T	8.56556e-05	
chrY	2936069	A	G	2.87621e-05	
chrY	2936087	C	T	2.89654e-05	
chrY	2936094	C	T	2.91078e-05	
chrY	2936104	G	A	5.86338e-05	
chrY	2936117	C	T	5.86373e-05	
chrY	2936122	C	T	0.000117516	
chrY	2936143	G	C	2.95081e-05	
chrY	2936149	A	G	2.96463e-05	
chrY	2936160	C	T	2.94118e-05	
chrY	2936220	G	A	2.92423e-05	
chrY	2936221	C	G	0.000204129	
chrY	2936279	C	G	2.92663e-05	
chrY	2936282	G	A	2.93781e-05	
chrY	2936284	A	G	0.000233781	
chrY	2936300	G	A	8.74993e-05	
chrY	6910287	G	C	0.0001532	
chrY	6910308	C	G	3.08594e-05	
chrY	6910347	G	T	3.11013e-05	
chrY	6910376	C	T	3.13696e-05	
chrY	6910384	C	T	0.000563151	
chrY	6910393	C	T	6.24824e-05	
chrY	6910417	G	A	3.11565e-05	
chrY	6910447	A	T	0.000251541	
chrY	6910459	G	C	3.09291e-05	
chrY	6910475	G	A	3.08005e-05	
chrY	6910497	G	A	3.06251e-05	
chrY	6910519	GC	G	0.000305409	
chrY	6910521	T	C	3.0809e-05	
chrY	6910527	G	C	3.04748e-05	
chrY	6910554	C	T	3.07645e-05	
chrY	6910606	C	T	3.02563e-05	
chrY	6910607	A	C	9.15025e-05	
chrY	6910615	T	A	0.000212379	
chrY	6910626	G	A	0.000328977	
chrY	6910638	C	T	2.96842e-05	
chrY	6910648	C	A	2.96095e-05	
chrY	6910660	C	T	2.9391e-05	
chrY	6910666	C	T	2.94481e-05	
chrY	6910678	C	T	2.92663e-05	
chrY	6910692	C	T	2.92141e-05	
chrY	6910695	C	G	2.92116e-05	
chrY	6910714	G	A	2.92048e-05	
chrY	6910717	G	C	5.84676e-05	
chrY	6910721	C	T	0.00023357	
chrY	6910745	G	T	5.79005e-05	
chrY	6910767	G	C	2.89235e-05	
chrY	6910794	G	A	2.89051e-05	
chrY	6910802	G	A	2.88484e-05	
chrY	6910802	G	C	2.88484e-05	
chrY	6910863	C	G	0.000457313	
chrY	6910887	C	A	2.85682e-05	
chrY	6910891	G	A	0.000228669	
chrY	6910905	C	T	2.85144e-05	
chrY	6910914	C	T	5.71249e-05	
chrY	6910939	G	A	2.88592e-05	
chrY	6910940	G	T	5.76502e-05	
chrY	6910941	C	T	5.76685e-05	
chrY	6910965	T	TG	5.77551e-05	
chrY	6910969	C	G	2.88077e-05	
chrY	6910970	T	G	2.89059e-05	
chrY	6910994	G	A	8.60733e-05	
chrY	6911013	CGG	C	5.74762e-05	
chrY	6911051	G	A	2.85404e-05	
chrY	6911062	G	A	2.85763e-05	
chrY	6911064	C	CA	2.85812e-05	
chrY	6911064	C	T	0.000400137	
chrY	6911091	C	T	5.72738e-05	
chrY	6911095	A	G	2.87092e-05	
chrY	6911098	A	T	5.76369e-05	
chrY	6911103	C	T	2.8627e-05	
chrY	6911130	C	T	2.86886e-05	
chrY	6911149	T	G	2.90082e-05	
chrY	6911161	C	G	2.87109e-05	
chrY	6911166	A	G	5.7924e-05	
chrY	6911178	CG	C	2.87414e-05	
chrY	6911192	T	G	5.81649e-05	
chrY	6911196	C	G	2.87646e-05	
chrY	6911214	G	T	2.86993e-05	
chrY	6911220	G	A	2.87142e-05	
chrY	6911284	GA	G	2.88392e-05	
chrY	6911286	A	G	0.000116625	
chrY	6911289	T	G	2.89277e-05	
chrY	6911297	T	G	0.000463405	
chrY	6911308	G	A	2.89176e-05	
chrY	6911317	T	C	2.90537e-05	
chrY	6911334	C	G	2.90158e-05	
chrY	6911363	C	T	2.91894e-05	
chrY	6911387	T	C	2.90461e-05	
chrY	6911394	C	T	0.000145264	
chrY	6911396	C	T	2.89863e-05	
chrY	6911410	C	A	2.8941e-05	
chrY	6911436	G	C	0.000144571	
chrY	6911444	C	A	2.89595e-05	
chrY	6911450	G	A	2.89109e-05	
chrY	6911466	G	A	2.90082e-05	
chrY	6911467	C	T	2.90613e-05	
chrY	6911475	G	T	8.71865e-05	
chrY	6911500	C	G	2.92954e-05	
chrY	6911509	G	A	0.000116564	
chrY	6911528	A	T	5.81666e-05	
chrY	6911531	C	A	2.90867e-05	
chrY	6911538	C	A	2.90082e-05	
chrY	6911540	G	T	2.90234e-05	
chrY	6911568	C	G	0.00499986	
chrY	6911592	G	T	2.89285e-05	
chrY	6911611	A	AC	0.000565646	
chrY	6911611	A	C	3.14238e-05	
chrY	6911611	AC	A	0.000157119	
chrY	6911613	C	T	2.87936e-05	
chrY	6911614	C	T	0.000200832	
chrY	6911617	C	A	8.60338e-05	
chrY	6911623	C	T	2.86738e-05	
chrY	6911627	C	G	0.000200527	
chrY	6911627	C	T	8.59402e-05	
chrY	6911633	G	A	2.86492e-05	
chrY	6911660	G	A	2.86722e-05	
chrY	6911678	G	A	5.74449e-05	
chrY	6911682	C	G	2.87191e-05	
chrY	6911709	A	G	2.91681e-05	
chrY	6911731	T	C	2.92954e-05	
chrY	6911734	C	G	2.92141e-05	
chrY	6911736	G	C	5.83584e-05	
chrY	6911749	TC	T	2.93376e-05	
chrY	6911749	TCA	T	2.93376e-05	
chrY	6911760	G	T	0.000146344	
chrY	6911799	A	G	2.93876e-05	
chrY	6911811	T	C	2.92082e-05	
chrY	6911855	C	A	2.88517e-05	
chrY	6911865	G	A	2.87795e-05	
chrY	6911866	A	G	0.0023696	
chrY	6911899	C	T	2.85788e-05	
chrY	6991023	T	C	0.00228359	
chrY	6991055	A	T	2.96375e-05	
chrY	6991071	TGCATTTCCA	T	2.94916e-05	
chrY	6991099	T	G	2.95473e-05	
chrY	6991125	A	C	2.95981e-05	
chrY	6991136	G	C	2.9685e-05	
chrY	6991155	A	T	2.96921e-05	
chrY	6991190	A	T	2.955e-05	
chrY	7272358	T	A	2.86352e-05	
chrY	7272364	T	C	2.87084e-05	
chrY	7272379	G	C	2.85984e-05	
chrY	7272394	A	T	0.000171125	
chrY	7272396	G	A	5.70044e-05	
chrY	7272406	C	A	2.85258e-05	
chrY	7272410	A	G	5.69136e-05	
chrY	7272424	A	G	0.00349362	
chrY	7272429	C	T	2.85168e-05	
chrY	7272467	C	A	8.62987e-05	
chrY	7272468	T	G	0.000144275	
chrY	7272490	G	C	2.88817e-05	
chrY	7272495	T	C	2.89134e-05	
chrY	7272508	G	C	2.90926e-05	
chrY	7272519	G	A	2.90444e-05	
chrY	7272519	G	T	2.90444e-05	
chrY	7272530	C	T	2.91214e-05	
chrY	7272542	C	T	2.91121e-05	
chrY	7272556	G	C	2.91528e-05	
chrY	7272565	C	G	2.92723e-05	
chrY	7272616	G	A	2.92363e-05	
chrY	7272618	G	C	2.92714e-05	
chrY	7272675	A	G	2.94334e-05	
chrY	7272690	G	A	8.82976e-05	
chrY	7272693	G	A	2.94299e-05	
chrY	7272705	G	A	5.87734e-05	
chrY	7272708	A	G	2.95832e-05	
chrY	7272729	G	C	2.9192e-05	
chrY	7272749	A	G	0.000175398	
chrY	7272785	G	A	2.9366e-05	
chrY	7272799	AC	A	3.03656e-05	
chrY	7272805	A	C	0.000120952	
chrY	7272811	G	C	0.000147619	
chrY	7272836	C	A	2.9543e-05	
chrY	7272843	C	A	2.96182e-05	
chrY	7272848	A	G	2.95832e-05	
chrY	7272859	C	T	2.96279e-05	
chrY	7272863	C	T	2.95744e-05	
chrY	7272865	A	G	5.93032e-05	
chrY	7272867	C	A	2.95421e-05	
chrY	7272880	T	G	2.96798e-05	
chrY	7272899	CCT	C	2.97089e-05	
chrY	7272900	CT	C	0.000148236	
chrY	7272919	A	C	5.98158e-05	
chrY	7272939	G	C	2.97513e-05	
chrY	7272968	G	A	2.95972e-05	
chrY	7272980	T	C	2.94924e-05	
chrY	7272999	T	C	2.94924e-05	
chrY	7273028	C	T	2.9417e-05	
chrY	7273344	CTG	C	2.89654e-05	
chrY	7273346	G	C	2.91256e-05	
chrY	7273423	G	GA	0.000617084	
chrY	7273445	C	G	2.90968e-05	
chrY	7273447	C	T	5.79828e-05	
chrY	7273451	C	A	0.000231763	
chrY	7273476	T	G	5.7205e-05	
chrY	7273488	A	G	2.85535e-05	
chrY	7273599	A	C	0.00080439	
chrY	7273606	C	T	2.84616e-05	
chrY	7273612	AT	A	5.7612e-05	
chrY	7273619	A	T	2.87646e-05	
chrY	7273656	G	C	2.86443e-05	
chrY	7273658	G	A	2.86279e-05	
chrY	7273685	T	C	2.86928e-05	
chrY	7273690	T	A	2.86952e-05	
chrY	7273698	C	A	8.57706e-05	
chrY	7273703	G	C	2.86574e-05	
chrY	7273746	C	T	2.90309e-05	
chrY	7273752	G	T	2.93023e-05	
chrY	7273761	C	A	2.93152e-05	
chrY	7273763	G	A	0.000293893	
chrY	7273764	G	C	5.87751e-05	
chrY	7273766	C	A	2.93893e-05	
chrY	7273813	G	T	2.9678e-05	
chrY	7273814	A	G	0.000301395	
chrY	7273834	C	T	2.97283e-05	
chrY	7273835	G	A	5.95415e-05	
chrY	7273836	G	A	2.97141e-05	
chrY	7273852	G	A	2.95168e-05	
chrY	7273854	T	A	2.96551e-05	
chrY	7273863	G	A	2.95613e-05	
chrY	7273866	C	T	2.9475e-05	
chrY	7273869	G	A	5.88859e-05	
chrY	7273870	C	A	2.94916e-05	
chrY	7273877	C	T	5.8801e-05	
chrY	7273896	C	A	2.92432e-05	
chrY	7273898	A	G	2.95351e-05	
chrY	7273900	AGCCCC	A	2.9489e-05	
chrY	7273907	C	A	2.9186e-05	
chrY	7273909	G	A	2.91724e-05	
chrY	7273916	G	C	2.92714e-05	
chrY	7273930	G	A	2.92749e-05	
chrY	7273937	C	G	2.92475e-05	
chrY	7273938	A	G	2.95561e-05	
chrY	7273961	C	A	2.91962e-05	
chrY	7273963	C	G	5.84249e-05	
chrY	7273970	G	C	5.82428e-05	
chrY	7273979	G	A	2.91656e-05	
chrY	7273989	T	G	2.92065e-05	
chrY	7273995	A	G	0.000176041	
chrY	7274002	G	C	2.91426e-05	
chrY	7274013	CG	C	2.92201e-05	
chrY	7274028	C	T	2.93161e-05	
chrY	7274033	G	T	2.93272e-05	
chrY	7274035	C	T	5.85223e-05	
chrY	7274047	C	T	5.87423e-05	
chrY	7274063	C	T	0.0386456	
chrY	7274116	C	G	2.9808e-05	
chrY	7274167	C	G	2.96261e-05	
chrY	7274167	C	T	2.96261e-05	
chrY	7274172	A	G	8.97989e-05	
chrY	7274205	G	C	8.91557e-05	
chrY	7274214	G	A	2.98481e-05	
chrY	7274217	G	C	2.98793e-05	
chrY	7274225	C	T	5.97818e-05	
chrY	7274230	C	A	5.96143e-05	
chrY	7274230	C	T	2.98071e-05	
chrY	7274234	C	T	2.98347e-05	
chrY	7274250	C	T	3.00779e-05	
chrY	7274252	G	A	9.02337e-05	
chrY	7274274	T	C	6.15479e-05	
chrY	7274309	C	T	3.08204e-05	
chrY	7274339	G	C	3.08328e-05	
chrY	7274340	G	T	3.0721e-05	
chrY	7274341	C	T	3.07154e-05	
chrY	7274346	G	T	0.000153247	
chrY	7274356	A	G	0.000160875	
chrY	7274368	T	C	3.1511e-05	
chrY	7274373	G	T	3.00824e-05	
chrY	7274383	C	G	0.000209556	
chrY	7274390	G	A	8.96111e-05	
chrY	7274391	G	C	0.00140098	
chrY	7274413	C	T	2.9423e-05	
chrY	7274422	G	A	2.93867e-05	
chrY	7274429	G	A	2.92817e-05	
chrY	7274475	A	G	2.90731e-05	
chrY	7274481	G	A	2.88268e-05	
chrY	7274526	G	T	2.90867e-05	
chrY	7274539	A	C	2.93746e-05	
chrY	7274548	A	C	2.95683e-05	
chrY	7274548	A	G	2.95683e-05	
chrY	7274556	C	T	2.93798e-05	
chrY	7274567	T	C	2.96323e-05	
chrY	7274569	C	T	2.94369e-05	
chrY	7274570	C	T	2.93945e-05	
chrY	7274611	C	T	2.96736e-05	
chrY	7274628	C	T	8.87259e-05	
chrY	7274630	C	T	2.96138e-05	
chrY	7274654	C	T	2.93738e-05	
chrY	7274670	G	A	2.91817e-05	
chrY	7274677	C	T	2.90774e-05	
chrY	7274679	C	G	8.71181e-05	
chrY	7274682	G	A	2.9085e-05	
chrY	7274697	C	T	2.89905e-05	
chrY	7274703	T	G	2.91792e-05	
chrY	7274712	G	A	2.90867e-05	
chrY	7274727	A	G	2.92415e-05	
chrY	7274733	C	T	2.91189e-05	
chrY	7274764	G	A	2.92963e-05	
chrY	7274789	A	G	2.97071e-05	
chrY	7274793	C	G	0.000496191	
chrY	7274810	C	G	2.92363e-05	
chrY	7274822	G	C	2.92766e-05	
chrY	7274822	G	T	2.92766e-05	
chrY	7274823	T	C	2.93092e-05	
chrY	7274824	G	A	5.8512e-05	
chrY	7274824	GC	G	5.8512e-05	
chrY	7274873	G	A	2.93376e-05	
chrY	7274884	C	G	2.93556e-05	
chrY	7274889	G	T	2.936e-05	
chrY	7274892	C	T	2.94023e-05	
chrY	7274896	G	C	0.00085249	
chrY	7274910	C	T	2.95596e-05	
chrY	7274962	G	C	5.88443e-05	
chrY	7274965	A	G	0.000118782	
chrY	12420661	C	T	0.000129609	
chrY	12420675	C	T	3.15776e-05	
chrY	12420679	C	A	3.15507e-05	
chrY	12420709	C	CCAGCAA	3.04785e-05	
chrY	12420718	A	T	6.16238e-05	
chrY	12420719	C	T	3.02828e-05	
chrY	12420740	C	T	0.000121095	
chrY	12420777	C	A	3.05325e-05	
chrY	12420784	G	A	3.08052e-05	
chrY	12420797	G	C	3.11604e-05	
chrY	12420797	G	T	3.11604e-05	
chrY	12420830	G	A	7.08265e-05	
chrY	12420830	G	T	7.08265e-05	
chrY	12420835	G	A	6.943e-05	
chrY	12420841	C	G	6.77461e-05	
chrY	12420869	G	C	5.8682e-05	
chrY	12420944	TC	T	0.00686248	
chrY	12420948	C	T	0.000130355	
chrY	12420955	T	G	0.0012837	
chrY	12421079	C	G	3.66555e-05	
chrY	12421079	C	T	3.66555e-05	
chrY	12421084	G	A	4.58484e-05	
chrY	12421135	C	G	3.65698e-05	
chrY	12421159	C	T	3.65711e-05	
chrY	12421173	C	T	3.61611e-05	
chrY	12421176	C	G	3.57526e-05	
chrY	12421225	A	C	3.86399e-05	
chrY	12421230	G	A	3.5877e-05	
chrY	12421244	C	A	3.53607e-05	
chrY	12421246	C	T	3.47391e-05	
chrY	12421251	A	G	8.97666e-05	
chrY	12421253	C	A	3.46428e-05	
chrY	12421264	G	C	5.04745e-05	
chrY	12421295	C	T	3.27837e-05	
chrY	12421329	C	G	6.6921e-05	
chrY	12421346	T	C	3.75418e-05	
chrY	12421361	A	C	3.99265e-05	
chrY	12421371	C	T	6.37227e-05	
chrY	12421374	C	T	3.15866e-05	
chrY	12421384	C	G	3.07891e-05	
chrY	12421388	C	T	6.1639e-05	
chrY	12421406	G	A	9.92326e-05	
chrY	12421440	C	T	6.19387e-05	
chrY	12421474	C	T	9.1036e-05	
chrY	12421475	G	GC	3.13588e-05	
chrY	12421512	T	C	3.04294e-05	
chrY	12421513	G	A	2.99186e-05	
chrY	12421563	C	T	0.0116236	
chrY	12421600	G	A	0.000373295	
chrY	12421600	G	T	5.743e-05	
chrY	12421602	G	A	2.87365e-05	
chrY	12421603	G	A	0.000115121	
chrY	12421636	C	T	2.85266e-05	
chrY	12421643	C	T	0.000114253	
chrY	12421687	C	G	2.8748e-05	
chrY	12421694	C	T	2.86993e-05	
chrY	12421697	A	C	2.91121e-05	
chrY	12421747	C	G	2.83262e-05	
chrY	12421790	T	G	0.000141367	
chrY	12421792	G	A	5.62635e-05	
chrY	12421793	C	G	2.81199e-05	
chrY	12421816	T	G	0.0002531	
chrY	12421847	T	G	2.8127e-05	
chrY	12421880	G	A	5.60774e-05	
chrY	12421887	G	T	5.6175e-05	
chrY	12661336	A	G	3.02261e-05	
chrY	12661351	C	T	0.00116561	
chrY	12661372	C	T	3.04497e-05	
chrY	12661384	C	A	3.05139e-05	
chrY	12661433	CT	C	3.02206e-05	
chrY	12661437	T	G	3.02462e-05	
chrY	12661457	A	G	3.02517e-05	
chrY	12661469	A	C	3.01423e-05	
chrY	12661513	C	G	3.07286e-05	
chrY	12661520	T	G	3.0829e-05	
chrY	12661597	C	G	3.06824e-05	
chrY	12661598	C	T	9.21857e-05	
chrY	12661642	T	C	3.01905e-05	
chrY	12661657	G	T	3.00716e-05	
chrY	12661666	T	C	0.00297771	
chrY	12661668	GA	G	6.00474e-05	
chrY	12661700	T	C	2.99805e-05	
chrY	12661763	A	G	2.99007e-05	
chrY	12661766	T	TA	3.0175e-05	
chrY	12661770	T	G	2.99796e-05	
chrY	12661785	T	C	3.00544e-05	
chrY	12661795	G	C	3.00003e-05	
chrY	12661873	T	C	2.98748e-05	
chrY	12661874	G	A	6.00042e-05	
chrY	12661878	T	C	2.99356e-05	
chrY	12661936	G	A	0.00011951	
chrY	12661955	T	G	3.02179e-05	
chrY	12661984	G	A	2.97451e-05	
chrY	12661993	A	G	5.92259e-05	
chrY	12661996	C	T	2.96718e-05	
chrY	12662011	C	T	0.000148008	
chrY	12662053	G	C	0.000708696	
chrY	12662089	G	A	5.99269e-05	
chrY	12662118	G	A	3.11536e-05	
chrY	12662119	C	T	3.13794e-05	
chrY	12662120	T	C	6.30676e-05	
chrY	12662149	G	A	3.32215e-05	
chrY	12662162	GA	G	0.00711783	
chrY	12662173	C	T	0.000495786	
chrY	12662174	G	T	0.000220192	
chrY	12662181	AAG	A	6.80596e-05	
chrY	12662190	A	G	7.57117e-05	
chrY	12662194	G	A	3.82526e-05	
chrY	12662223	C	A	0.000122684	
chrY	12662231	G	A	3.21368e-05	
chrY	12662245	CTTGGAGGG	C	3.9847e-05	
chrY	12662256	G	A	3.44199e-05	
chrY	12662256	G	T	3.44199e-05	
chrY	12662257	C	A	3.72717e-05	
chrY	12662261	T	C	3.76747e-05	
chrY	12662274	G	A	6.81338e-05	
chrY	12662311	TTCTC	T	4.09383e-05	
chrY	12662322	C	CT	0.000940291	
chrY	12662322	CTTTTTTTTTTTT	C	0.000117536	
chrY	12662322	CTTTTTTTTTTTTT	C	0.000117536	
chrY	12662322	CTTTTTTTTTTTTTTT	C	0.000117536	
chrY	12662387	G	A	4.62107e-05	
chrY	12662399	C	T	5.28765e-05	
chrY	12662409	A	G	0.00091166	
chrY	12662430	C	A	7.71516e-05	
chrY	12662435	T	C	0.001699	
chrY	12662436	G	A	7.52106e-05	
chrY	12662443	C	T	0.000919779	
chrY	12662491	A	G	3.35785e-05	
chrY	12662520	G	A	3.35875e-05	
chrY	12662525	C	G	3.35166e-05	
chrY	12662537	G	A	3.32524e-05	
chrY	12662567	G	T	0.000163677	
chrY	12662608	T	C	0.000160725	
chrY	12662642	A	AG	3.14871e-05	
chrY	12662648	A	T	3.29316e-05	
chrY	12662657	C	T	0.000820707	
chrY	12662701	A	C	6.20309e-05	
chrY	12662714	G	C	6.14062e-05	
chrY	12662726	G	A	3.03748e-05	
chrY	12662745	C	T	3.02948e-05	
chrY	12662751	C	G	3.03721e-05	
chrY	12662763	G	T	3.02746e-05	
chrY	12662781	C	T	6.07866e-05	
chrY	12662798	G	A	6.05694e-05	
chrY	12662826	C	G	6.09143e-05	
chrY	12662835	G	A	3.04053e-05	
chrY	12662884	T	C	3.02252e-05	
chrY	12662903	G	A	3.03509e-05	
chrY	12662904	T	C	3.03306e-05	
chrY	12662904	T	TGTAG	3.03306e-05	
chrY	12662923	T	C	0.000905599	
chrY	12662937	T	C	0.000155953	
chrY	12662938	C	A	6.07312e-05	
chrY	12662943	G	A	3.03776e-05	
chrY	12662964	CG	C	0.000516153	
chrY	12662967	C	CTGG	3.02425e-05	
chrY	12662987	G	A	3.01432e-05	
chrY	12662990	T	A	3.01368e-05	
chrY	12662990	T	C	3.01368e-05	
chrY	12662991	C	T	3.00888e-05	
chrY	12662995	A	T	3.02883e-05	
chrY	12662996	T	C	0.000210431	
chrY	12663004	A	C	8.99766e-05	
chrY	12663010	A	G	3.03159e-05	
chrY	12663030	C	T	6.04357e-05	
chrY	12663052	C	A	3.04294e-05	
chrY	12663057	C	A	6.06483e-05	
chrY	12663059	T	A	3.03435e-05	
chrY	12663075	GC	G	3.00734e-05	
chrY	12663076	CT	C	0.00324666	
chrY	12663079	G	A	6.00024e-05	
chrY	12663084	T	A	2.99751e-05	
chrY	12663085	T	C	3.00409e-05	
chrY	12663113	C	T	2.98918e-05	
chrY	12663131	G	A	8.94561e-05	
chrY	12663133	G	T	0.000298704	
chrY	12663150	G	GA	2.99688e-05	
chrY	12663169	TC	T	6.0465e-05	
chrY	12663173	C	G	0.000480163	
chrY	12663235	A	T	6.03336e-05	
chrY	12663249	G	T	0.000933004	
chrY	12663253	A	G	3.0217e-05	
chrY	12663260	G	C	3.0206e-05	
chrY	12663318	C	A	3.03288e-05	
chrY	12663370	G	A	3.04757e-05	
chrY	12663377	G	C	3.05904e-05	
chrY	12663389	G	A	3.06965e-05	
chrY	12663419	A	G	3.05073e-05	
chrY	12663422	T	A	3.03315e-05	
chrY	12663459	C	T	2.98882e-05	
chrY	12663476	G	A	2.99859e-05	
chrY	12663506	C	T	2.98918e-05	
chrY	12663516	C	T	2.97912e-05	
chrY	12663522	C	G	2.97663e-05	
chrY	12904351	C	T	2.99392e-05	
chrY	12904356	T	C	2.98374e-05	
chrY	12904362	T	G	2.98695e-05	
chrY	12904380	T	C	0.000567808	
chrY	12904397	T	C	2.98125e-05	
chrY	12904414	G	A	3.00743e-05	
chrY	12904465	C	T	6.08569e-05	
chrY	12904488	T	C	0.000313126	
chrY	12904513	G	A	3.03757e-05	
chrY	12904527	G	C	0.0117686	
chrY	12904530	C	A	6.13271e-05	
chrY	12904546	A	T	3.03776e-05	
chrY	12904585	C	G	2.99043e-05	
chrY	12904586	G	T	2.97071e-05	
chrY	12904594	T	C	2.97557e-05	
chrY	12904631	G	C	2.9577e-05	
chrY	12904632	G	A	2.96323e-05	
chrY	12904635	G	A	2.96446e-05	
chrY	12904638	G	T	8.89152e-05	
chrY	12904660	T	G	5.95274e-05	
chrY	12904693	C	T	2.94768e-05	
chrY	12904693	CT	C	0.000265291	
chrY	12904716	T	G	2.95238e-05	
chrY	12904721	A	G	2.94048e-05	
chrY	12904727	A	C	2.92954e-05	
chrY	12904729	C	G	2.94846e-05	
chrY	12904741	AG	A	2.94568e-05	
chrY	12904742	G	A	2.93608e-05	
chrY	12904757	T	C	2.98882e-05	
chrY	12904782	A	T	5.8732e-05	
chrY	12904863	G	C	2.94733e-05	
chrY	12904881	C	A	2.95561e-05	
chrY	12904882	G	A	2.95011e-05	
chrY	12904885	A	C	2.95011e-05	
chrY	12904901	A	G	0.000146195	
chrY	12904901	A	T	2.92389e-05	
chrY	12904907	G	T	8.78863e-05	
chrY	12904916	A	G	2.94395e-05	
chrY	12904918	T	A	2.93625e-05	
chrY	12904922	C	T	2.93453e-05	
chrY	12904925	T	C	2.92141e-05	
chrY	12904928	T	A	2.91826e-05	
chrY	12904941	G	A	2.91749e-05	
chrY	12904960	T	C	2.92577e-05	
chrY	12904988	C	CA	5.85926e-05	
chrY	12905002	C	T	2.95412e-05	
chrY	12905012	T	C	5.85052e-05	
chrY	12905016	G	A	2.94672e-05	
chrY	12905053	T	C	2.96367e-05	
chrY	12905063	T	A	5.87769e-05	
chrY	12905090	G	A	8.81316e-05	
chrY	12905109	C	T	0.000355851	
chrY	12905127	A	C	5.91926e-05	
chrY	12905134	A	G	2.94516e-05	
chrY	12905140	C	G	2.95351e-05	
chrY	12905142	A	G	2.93755e-05	
chrY	12905190	T	C	2.93988e-05	
chrY	12905217	A	T	2.94881e-05	
chrY	12905220	G	A	8.82223e-05	
chrY	12905222	A	G	5.92803e-05	
chrY	12905294	G	A	2.91945e-05	
chrY	12905294	G	C	2.91945e-05	
chrY	12905366	T	C	0.000352827	
chrY	12905374	C	T	2.95937e-05	
chrY	12905406	G	A	0.00138836	
chrY	12905417	A	T	2.96305e-05	
chrY	12905420	C	T	2.95805e-05	
chrY	12905436	T	C	2.93997e-05	
chrY	12905451	G	C	2.92227e-05	
chrY	12905451	G	T	2.92227e-05	
chrY	12905456	G	C	2.91826e-05	
chrY	12905465	T	C	2.9203e-05	
chrY	12905489	T	G	2.91673e-05	
chrY	12905520	C	G	5.88322e-05	
chrY	12905521	T	G	2.9385e-05	
chrY	12905524	G	A	2.9335e-05	
chrY	12905556	T	C	2.95674e-05	
chrY	12905566	C	G	2.97983e-05	
chrY	12905572	A	C	5.98552e-05	
chrY	12905575	A	G	2.99195e-05	
chrY	12905589	C	T	3.00643e-05	
chrY	12905594	C	T	0.000240414	
chrY	12905606	A	C	6.035e-05	
chrY	12905626	C	T	3.0349e-05	
chrY	12905630	AG	A	0.000482378	
chrY	12905660	A	G	6.1177e-05	
chrY	12905695	T	C	3.07626e-05	
chrY	12905802	A	G	6.10799e-05	
chrY	12905804	G	T	3.04025e-05	
chrY	12905835	G	C	0.000120835	
chrY	12905836	C	G	3.01495e-05	
chrY	12905838	A	T	0.000120744	
chrY	12905860	A	G	3.00255e-05	
chrY	12905862	T	C	5.97746e-05	
chrY	12905871	G	A	2.98873e-05	
chrY	12905882	AGCTGT	A	2.99823e-05	
chrY	12905892	T	C	2.99276e-05	
chrY	12905905	T	C	2.9627e-05	
chrY	12905910	TCTTTA	T	0.00074107	
chrY	12905929	A	G	5.91716e-05	
chrY	12905934	G	T	2.96665e-05	
chrY	12905983	T	A	3.01641e-05	
chrY	12905992	G	A	2.98009e-05	
chrY	12906011	C	T	3.00345e-05	
chrY	13210648	G	A	0.00172419	
chrY	13210649	T	C	3.11653e-05	
chrY	13210650	G	C	3.12032e-05	
chrY	13210651	C	T	3.11653e-05	
chrY	13210689	A	G	3.13332e-05	
chrY	13210698	C	T	3.09741e-05	
chrY	13210700	C	T	3.10164e-05	
chrY	13210721	T	C	0.00523881	
chrY	13210727	C	G	6.13158e-05	
chrY	13210734	T	G	3.03748e-05	
chrY	13210747	A	C	3.08585e-05	
chrY	13210752	G	C	0.00015377	
chrY	13210780	A	T	3.02224e-05	
chrY	13210791	T	C	0.000153965	
chrY	13210860	A	C	3.27043e-05	
chrY	13210896	G	A	3.17824e-05	
chrY	13210908	G	A	3.16016e-05	
chrY	13210929	G	A	3.1501e-05	
chrY	13210951	G	T	3.14743e-05	
chrY	13210961	C	T	3.1347e-05	
chrY	13210968	T	C	3.10097e-05	
chrY	13210971	A	G	3.10116e-05	
chrY	13210982	A	T	0.00136489	
chrY	13210987	C	T	3.13903e-05	
chrY	13210988	G	A	6.24278e-05	
chrY	13211025	C	A	6.25821e-05	
chrY	13211025	C	T	3.12911e-05	
chrY	13211033	G	A	3.12012e-05	
chrY	13211041	A	C	3.09837e-05	
chrY	13211055	A	G	3.11633e-05	
chrY	13211056	C	T	3.1252e-05	
chrY	13211067	A	G	3.11905e-05	
chrY	13211071	C	A	3.06626e-05	
chrY	13211072	T	G	0.000277641	
chrY	13211109	G	T	3.02554e-05	
chrY	13211141	T	G	3.00075e-05	
chrY	13211160	T	A	2.97921e-05	
chrY	13211175	T	C	2.98579e-05	
chrY	13211203	C	G	3.00851e-05	
chrY	13211258	G	C	3.04627e-05	
chrY	13211260	C	T	3.02801e-05	
chrY	13211272	G	A	0.226234	
chrY	13211339	T	C	3.11061e-05	
chrY	13211355	G	A	0.000344126	
chrY	13211370	T	C	3.13775e-05	
chrY	13211391	A	G	3.13814e-05	
chrY	13211439	C	G	3.03748e-05	
chrY	13211439	C	T	6.07497e-05	
chrY	13211449	A	G	3.04072e-05	
chrY	13211502	CTG	C	0.000215903	
chrY	13211507	A	G	3.13087e-05	
chrY	13211533	C	T	3.15249e-05	
chrY	13211537	G	GT	3.17702e-05	
chrY	13211547	C	T	3.20924e-05	
chrY	13211550	G	A	3.2569e-05	
chrY	13211566	A	T	0.000164117	
chrY	13211573	A	AAT	6.75288e-05	
chrY	13211573	A	AT	3.37564e-05	
chrY	13211575	T	A	0.00602287	
chrY	13211588	T	A	6.75083e-05	
chrY	13211597	C	G	3.37769e-05	
chrY	13211622	C	T	0.149404	
chrY	13211632	A	G	0.000707476	
chrY	13211639	A	G	3.35334e-05	
chrY	13211646	G	T	0.0158995	
chrY	13211657	C	T	6.80805e-05	
chrY	13211758	T	A	6.65159e-05	
chrY	13211762	T	C	8.91902e-05	
chrY	13211779	C	CA	0.179915	
chrY	13211779	C	CAA	0.00238474	
chrY	13211779	CA	C	0.000795545	
chrY	13211779	CAAAAAAA	C	0.00138889	
chrY	13211779	CAAAAAAAA	C	0.000198413	
chrY	13211790	A	G	3.42431e-05	
chrY	13211790	AAAAAAAAG	A	0.000342442	
chrY	13211791	A	G	6.87805e-05	
chrY	13211791	AAAAAAAG	A	3.43903e-05	
chrY	13211793	A	AG	3.39974e-05	
chrY	13211800	AAAAAAG	A	3.32414e-05	
chrY	13211812	G	T	3.77287e-05	
chrY	13211815	A	G	3.21616e-05	
chrY	13211816	AAGAAAAAG	A	3.22341e-05	
chrY	13211821	A	T	6.39264e-05	
chrY	13211836	C	T	3.29045e-05	
chrY	13211840	A	C	6.38223e-05	
chrY	13211874	A	T	3.12862e-05	
chrY	13211900	A	G	9.34958e-05	
chrY	13286788	G	C	5.95877e-05	
chrY	13286855	C	G	5.95806e-05	
chrY	13286864	T	C	3.00183e-05	
chrY	13286871	T	C	5.96677e-05	
chrY	13478234	A	G	2.99276e-05	
chrY	13478247	C	T	6.01142e-05	
chrY	13478266	T	C	2.99661e-05	
chrY	13478294	C	G	5.99934e-05	
chrY	13478315	T	A	0.000269211	
chrY	13478350	C	T	2.99347e-05	
chrY	13478371	A	G	2.97186e-05	
chrY	13478375	TTAAAAA	T	2.99016e-05	
chrY	13478396	T	C	2.97522e-05	
chrY	13478398	G	A	2.99249e-05	
chrY	13478406	C	G	2.9941e-05	
chrY	13478417	T	C	2.98231e-05	
chrY	13478420	T	C	5.96837e-05	
chrY	13478424	AAAT	A	2.99321e-05	
chrY	13478433	T	C	3.00228e-05	
chrY	13478456	G	C	0.00699385	
chrY	13478461	G	C	3.0373e-05	
chrY	13478461	G	T	3.0373e-05	
chrY	13478468	CTCTTTACGG	C	3.02234e-05	
chrY	13478489	C	T	3.01423e-05	
chrY	13478499	C	T	3.03628e-05	
chrY	13478525	A	C	0.000121847	
chrY	13478550	C	A	6.06281e-05	
chrY	13478560	C	T	3.03555e-05	
chrY	13478561	C	T	3.03942e-05	
chrY	13478587	A	C	3.06044e-05	
chrY	13478591	A	C	0.000122511	
chrY	13478619	AAAC	A	3.06636e-05	
chrY	13478626	A	G	3.05979e-05	
chrY	13478639	T	G	0.000121551	
chrY	13478650	C	T	9.0799e-05	
chrY	13478715	T	A	2.99195e-05	
chrY	13478762	T	C	0.000179324	
chrY	13478775	T	C	3.00779e-05	
chrY	13478778	T	G	2.99052e-05	
chrY	13478789	T	G	2.99554e-05	
chrY	13478794	T	A	0.211894	
chrY	13478800	C	G	8.93948e-05	
chrY	13478847	G	C	6.01395e-05	
chrY	13478849	TA	T	0.000118719	
chrY	13478858	T	A	3.00228e-05	
chrY	13478870	A	C	5.973e-05	
chrY	13478926	A	G	2.99823e-05	
chrY	13478934	AT	A	3.00815e-05	
chrY	13478937	A	T	3.01632e-05	
chrY	13478955	C	G	3.04433e-05	
chrY	13478985	A	C	0.00015034	
chrY	13479019	A	G	3.02224e-05	
chrY	13479049	C	G	3.21761e-05	
chrY	13479061	T	C	0.000123843	
chrY	13479100	A	C	3.10492e-05	
chrY	13479111	C	T	3.13264e-05	
chrY	13479130	A	T	3.07513e-05	
chrY	13479157	G	T	6.12164e-05	
chrY	13479199	G	C	0.000121025	
chrY	13479203	C	T	3.03702e-05	
chrY	13479263	T	G	3.01878e-05	
chrY	13479273	G	C	3.01969e-05	
chrY	13479313	G	A	0.000515792	
chrY	13479321	TAG	T	0.000122022	
chrY	13479323	G	C	3.03472e-05	
chrY	13479360	G	A	3.03186e-05	
chrY	13479380	C	A	3.04331e-05	
chrY	13479391	G	A	3.0447e-05	
chrY	13479434	G	A	3.04164e-05	
chrY	13479509	C	T	3.05045e-05	
chrY	13479562	G	C	0.000151648	
chrY	13479563	ACTC	A	3.21326e-05	
chrY	13479565	T	A	3.04247e-05	
chrY	13479565	T	C	0.000943195	
chrY	13479565	T	G	3.04247e-05	
chrY	13479566	C	G	0.000451875	
chrY	13479578	C	G	3.01078e-05	
chrY	13479609	T	G	5.96481e-05	
chrY	13479617	C	A	2.99097e-05	
chrY	13479657	G	C	0.21312	
chrY	13479668	A	C	0.000148752	
chrY	13479726	A	G	2.99419e-05	
chrY	13479790	A	T	2.97336e-05	
chrY	13479802	CA	C	2.97168e-05	
chrY	13479813	G	A	0.000118723	
chrY	13479816	AC	A	2.9634e-05	
chrY	13479870	G	A	2.94942e-05	
chrY	13479882	G	C	2.9404e-05	
chrY	13479971	C	T	5.87872e-05	
chrY	13479982	C	T	2.94429e-05	
chrY	13479985	C	T	2.94369e-05	
chrY	13479988	G	A	2.94977e-05	
chrY	13479991	C	T	8.8142e-05	
chrY	13480005	C	T	2.93496e-05	
chrY	13480039	G	A	0.000118022	
chrY	13480068	A	G	2.96305e-05	
chrY	13480088	C	T	0.00014832	
chrY	13480096	G	A	2.96542e-05	
chrY	13480099	G	A	8.91451e-05	
chrY	13480104	C	T	5.95344e-05	
chrY	13480116	G	A	2.95683e-05	
chrY	13480133	G	A	2.95334e-05	
chrY	13480137	A	C	2.9495e-05	
chrY	13480140	A	G	2.95325e-05	
chrY	13480153	G	A	2.94499e-05	
chrY	13480161	C	A	2.95709e-05	
chrY	13480166	G	A	2.9502e-05	
chrY	13480167	G	A	2.94412e-05	
chrY	13480182	C	A	2.96534e-05	
chrY	13480208	G	C	2.94977e-05	
chrY	13480230	GTGCTAGTTAAA	G	2.93927e-05	
chrY	13480249	A	G	2.93936e-05	
chrY	13480273	T	C	2.94031e-05	
chrY	13480276	G	T	2.93582e-05	
chrY	13480291	C	G	2.95072e-05	
chrY	13480297	G	C	2.92989e-05	
chrY	13480308	AAG	A	2.94907e-05	
chrY	13480370	C	T	2.93229e-05	
chrY	13480377	G	C	2.93049e-05	
chrY	13480385	G	GAT	2.94325e-05	
chrY	13480397	T	C	0.000147903	
chrY	13703320	A	G	8.04149e-05	
chrY	13703326	G	T	0.00326757	
chrY	13703349	T	C	9.2773e-05	
chrY	13703355	G	A	0.000552563	
chrY	13703404	C	T	7.9466e-05	
chrY	13703408	A	G	0.000626272	
chrY	13703426	C	T	0.000654611	
chrY	13703456	C	CAAAAA	0.00123609	
chrY	13703456	CAAAAAAAAAAAAAAAAAAAAAAAAAAAAAAAAAAA	C	0.00123609	
chrY	13703456	CAAAAAAAAAAAAAAAAAAAAAAAAAAAAAAAAAAAAAA	C	0.00123609	
chrY	13703456	CAAAAAAAAAAAAAAAAAAAAAAAAAAAAAAAAAAAAAAA	C	0.00123762	
chrY	13703456	CAAAAAAAAAAAAAAAAAAAAAAAAAAAAAAAAAAAAAAAA	C	0.00123609	
chrY	13703456	CAAAAAAAAAAAAAAAAAAAAAAAAAAAAAAAAAAAAAAAAAA	C	0.00123609	
chrY	13703512	A	T	5.36855e-05	
chrY	13703521	G	A	0.000871297	
chrY	13703567	TG	T	0.000201922	
chrY	13703617	G	C	3.28202e-05	
chrY	13703631	C	T	3.11837e-05	
chrY	13703634	C	G	3.11362e-05	
chrY	13703693	T	A	3.20236e-05	
chrY	13703715	G	C	3.114e-05	
chrY	13703735	C	T	3.06363e-05	
chrY	13703746	G	A	3.0145e-05	
chrY	13703748	G	A	6.01558e-05	
chrY	13703752	C	G	3.01042e-05	
chrY	13703791	C	A	2.92543e-05	
chrY	13703805	G	C	2.91945e-05	
chrY	13703807	G	T	5.82734e-05	
chrY	13703812	G	A	2.90977e-05	
chrY	13703840	C	G	2.91869e-05	
chrY	13703841	C	T	5.83022e-05	
chrY	13703863	G	A	2.91664e-05	
chrY	13703870	C	A	2.92629e-05	
chrY	13703870	C	G	2.92629e-05	
chrY	13703879	G	T	2.92543e-05	
chrY	13703907	C	A	2.92517e-05	
chrY	13703911	G	C	0.000175182	
chrY	13703922	T	C	2.92543e-05	
chrY	13703934	G	A	2.93384e-05	
chrY	13703950	G	A	2.94985e-05	
chrY	13703963	G	A	2.93884e-05	
chrY	13703989	G	C	5.87389e-05	
chrY	13704088	A	T	8.86866e-05	
chrY	13704109	G	C	2.97442e-05	
chrY	13704159	C	T	0.000630915	
chrY	13704170	G	A	3.00888e-05	
chrY	13704204	G	A	0.000121595	
chrY	13704210	G	A	3.05306e-05	
chrY	13704222	C	T	3.05792e-05	
chrY	13704238	G	C	3.04164e-05	
chrY	13704249	G	A	0.000333152	
chrY	13704267	C	A	0.000513316	
chrY	13704300	C	T	6.01576e-05	
chrY	13704301	A	T	3.02334e-05	
chrY	13704312	C	T	3.01686e-05	
chrY	13704316	C	G	3.01887e-05	
chrY	13704321	GCTTC	G	6.04723e-05	
chrY	13704362	G	C	3.01286e-05	
chrY	13704376	A	G	9.1166e-05	
chrY	13704389	G	A	3.04544e-05	
chrY	13704392	G	A	3.03674e-05	
chrY	13704397	CAG	C	3.05567e-05	
chrY	13704406	A	C	6.06704e-05	
chrY	13704407	AGAG	A	3.02838e-05	
chrY	13704436	GTAAGCTCCGA	G	3.02106e-05	
chrY	13704439	A	C	3.01605e-05	
chrY	13704448	C	T	3.0145e-05	
chrY	13704477	C	A	0.000120689	
chrY	13704484	GC	G	2.97053e-05	
chrY	13704517	G	C	2.98945e-05	
chrY	13704531	A	T	3.00508e-05	
chrY	13704541	G	GGGC	2.99652e-05	
chrY	13704544	C	T	3.00824e-05	
chrY	13704582	AG	A	2.99365e-05	
chrY	13704583	G	C	0.000360274	
chrY	13704601	T	A	3.02279e-05	
chrY	13704624	A	C	3.00987e-05	
chrY	13704721	T	G	3.03988e-05	
chrY	13704744	C	A	3.05867e-05	
chrY	13704795	A	C	3.08718e-05	
chrY	13704799	G	T	6.15934e-05	
chrY	13704804	G	A	3.07636e-05	
chrY	13704829	T	A	3.05745e-05	
chrY	13704851	C	T	3.06598e-05	
chrY	13704903	G	A	6.08569e-05	
chrY	13704928	C	T	6.04011e-05	
chrY	13704959	TATA	T	5.90685e-05	
chrY	13704973	AAC	A	2.96648e-05	
chrY	13704997	C	T	5.96499e-05	
chrY	13705050	C	T	2.99688e-05	
chrY	13705069	G	T	3.00553e-05	
chrY	13705088	G	A	3.00743e-05	
chrY	13705089	T	C	2.99482e-05	
chrY	13705095	A	G	0.00012029	
chrY	13705114	A	G	0.000364354	
chrY	13705150	C	CT	3.04275e-05	
chrY	13705164	A	G	3.02563e-05	
chrY	13705178	A	G	3.03841e-05	
chrY	13705224	G	A	5.97907e-05	
chrY	13705286	G	A	2.94664e-05	
chrY	13705289	C	T	2.92586e-05	
chrY	13705302	T	C	0.00011652	
chrY	13705321	C	G	0.00235973	
chrY	13705340	G	C	5.85652e-05	
chrY	13705354	C	T	5.83669e-05	
chrY	13705372	G	A	0.000176046	
chrY	13705375	C	G	8.79301e-05	
chrY	13705379	G	A	2.92877e-05	
chrY	13705411	A	G	0.00528606	
chrY	13705412	T	C	2.92569e-05	
chrY	13705418	C	T	2.93083e-05	
chrY	13705421	C	T	2.93057e-05	
chrY	13705424	C	G	2.92184e-05	
chrY	13705437	C	T	2.91698e-05	
chrY	13705438	G	A	2.92329e-05	
chrY	13705440	C	T	2.91988e-05	
chrY	13705453	A	G	0.000204613	
chrY	13705475	G	A	2.92937e-05	
chrY	13705493	G	A	5.87527e-05	
chrY	13705505	C	T	2.94429e-05	
chrY	13705514	C	T	2.93927e-05	
chrY	13751093	C	A	3.15816e-05	
chrY	13751100	G	T	0.000348509	
chrY	13751102	T	A	3.22893e-05	
chrY	13751107	C	A	3.19908e-05	
chrY	13751107	C	G	3.19908e-05	
chrY	13751137	G	A	3.1505e-05	
chrY	13751165	C	A	3.22914e-05	
chrY	13751179	G	C	3.23698e-05	
chrY	13751205	G	T	3.26595e-05	
chrY	13751229	G	C	3.42044e-05	
chrY	13751249	G	A	0.0143225	
chrY	13751270	C	A	0.00857795	
chrY	13751273	T	C	4.64123e-05	
chrY	13751275	T	TA	0.00317401	
chrY	13751275	T	TAA	0.000372949	
chrY	13751275	TA	T	0.00311371	
chrY	13751288	A	AG	0.00393615	
chrY	13751288	A	G	6.19905e-05	
chrY	13751354	ACGCCCCTGGCGGTC	A	2.98793e-05	
chrY	13751399	C	T	0.00014702	
chrY	13751416	G	A	2.92869e-05	
chrY	13751417	T	G	2.99168e-05	
chrY	13751425	C	G	2.94092e-05	
chrY	13751432	C	T	2.95875e-05	
chrY	13751436	A	T	2.98063e-05	
chrY	13751438	G	A	8.93708e-05	
chrY	13751446	G	C	2.99608e-05	
chrY	13751467	G	T	3.06307e-05	
chrY	13751475	C	T	3.09377e-05	
chrY	13751480	G	T	3.08347e-05	
chrY	13751562	C	T	2.91392e-05	
chrY	13751581	G	A	2.89679e-05	
chrY	13751613	C	G	2.86582e-05	
chrY	13751631	C	T	2.86393e-05	
chrY	13751640	G	T	2.86205e-05	
chrY	13751681	T	G	2.86878e-05	
chrY	13751683	G	C	2.85673e-05	
chrY	13751686	GT	G	2.85486e-05	
chrY	13751695	T	A	0.000172058	
chrY	13751705	G	C	2.86722e-05	
chrY	13751708	C	A	8.62391e-05	
chrY	13751708	C	T	8.62416e-05	
chrY	13751709	G	T	5.7346e-05	
chrY	13751720	T	G	2.87158e-05	
chrY	13751725	C	G	2.88342e-05	
chrY	13751740	C	T	2.89226e-05	
chrY	13751769	G	A	0.000495439	
chrY	13751789	A	T	2.96718e-05	
chrY	13751791	C	T	2.9268e-05	
chrY	13751816	C	T	2.94152e-05	
chrY	13751825	C	T	2.93617e-05	
chrY	13751843	G	T	5.85001e-05	
chrY	13751855	G	A	2.92056e-05	
chrY	13751865	C	T	2.91511e-05	
chrY	13751868	G	A	2.91401e-05	
chrY	13751874	G	A	8.75529e-05	
chrY	13751874	G	C	2.91843e-05	
chrY	13751875	G	A	2.91698e-05	
chrY	13751883	G	GCAGCTGCTGCT	2.90411e-05	
chrY	13751912	G	T	2.90791e-05	
chrY	13751928	G	C	2.91375e-05	
chrY	13751934	C	A	2.91418e-05	
chrY	13751938	C	G	5.85875e-05	
chrY	13751952	A	G	2.97009e-05	
chrY	13751954	G	C	2.93358e-05	
chrY	13751969	A	G	8.93203e-05	
chrY	13751995	A	G	2.97274e-05	
chrY	13752000	T	G	2.96191e-05	
chrY	13752011	T	A	2.98258e-05	
chrY	13752021	C	T	2.97734e-05	
chrY	13752034	T	C	6.01649e-05	
chrY	13752046	C	G	0.000687902	
chrY	13752047	T	G	3.00138e-05	
chrY	13752055	C	T	3.00499e-05	
chrY	13752060	G	GGAGTGCACCCGGGCGCGA	3.01523e-05	
chrY	13752060	GGAGTGCACCCGGGCGCGA	G	6.03118e-05	
chrY	13752091	G	A	3.04266e-05	
chrY	13752107	C	T	3.05148e-05	
chrY	13752113	G	T	9.18049e-05	
chrY	13752137	C	T	3.05773e-05	
chrY	13752138	G	T	3.0553e-05	
chrY	13752176	C	T	6.14609e-05	
chrY	13752181	T	C	3.12872e-05	
chrY	13752188	A	C	3.10424e-05	
chrY	13752191	G	C	3.06523e-05	
chrY	13752202	C	T	0.000121777	
chrY	13752206	C	T	9.08595e-05	
chrY	13752217	C	A	3.02838e-05	
chrY	13752223	G	GA	3.0196e-05	
chrY	13752230	A	C	9.06481e-05	
chrY	13752249	C	G	5.96143e-05	
chrY	13752262	T	C	3.00517e-05	
chrY	13752267	G	A	2.9816e-05	
chrY	13752283	G	C	6.0024e-05	
chrY	13752299	G	C	3.01887e-05	
chrY	13752321	G	A	3.03499e-05	
chrY	13752339	G	GT	9.1985e-05	
chrY	13752386	C	T	3.01259e-05	
chrY	13752393	T	G	3.02435e-05	
chrY	13752395	C	T	2.99706e-05	
chrY	13752400	T	G	3.02033e-05	
chrY	13752422	G	T	2.9753e-05	
chrY	13752431	G	T	2.98936e-05	
chrY	13752439	C	T	2.96191e-05	
chrY	13752476	C	G	2.93669e-05	
chrY	13752492	G	A	2.93669e-05	
chrY	13752537	C	T	2.90613e-05	
chrY	13752540	C	T	0.000173933	
chrY	13752569	T	A	2.88951e-05	
chrY	13752573	T	C	2.87662e-05	
chrY	13752579	A	T	2.88667e-05	
chrY	13752604	G	A	2.86549e-05	
chrY	13752623	C	T	2.88268e-05	
chrY	13752634	G	A	2.87621e-05	
chrY	13752634	G	C	0.00140934	
chrY	13752649	C	T	8.70145e-05	
chrY	13752652	G	A	2.89603e-05	
chrY	13752652	G	C	2.89603e-05	
chrY	13752654	G	T	2.89914e-05	
chrY	13752656	C	CGAA	2.89712e-05	
chrY	13752719	C	T	8.71207e-05	
chrY	13752722	G	A	2.89176e-05	
chrY	13752738	AG	A	2.88559e-05	
chrY	13752744	G	A	5.76685e-05	
chrY	13752779	C	G	2.89763e-05	
chrY	13752786	C	G	8.72144e-05	
chrY	13752789	A	C	2.9124e-05	
chrY	13752803	G	A	2.91409e-05	
chrY	13752807	T	C	2.92013e-05	
chrY	13752815	G	A	2.93178e-05	
chrY	13752827	A	AGT	3.00761e-05	
chrY	13752836	G	T	2.95072e-05	
chrY	13752846	T	TC	2.98098e-05	
chrY	13752848	G	A	2.97247e-05	
chrY	13752858	G	A	2.97584e-05	
chrY	13752877	G	A	2.97752e-05	
chrY	14523831	G	C	3.06523e-05	
chrY	14523851	G	A	3.04813e-05	
chrY	14523858	A	G	3.07078e-05	
chrY	14523873	A	T	3.06513e-05	
chrY	14523876	C	G	3.0721e-05	
chrY	14523890	G	A	3.03998e-05	
chrY	14523915	C	A	0.000305362	
chrY	14523921	A	C	6.14137e-05	
chrY	14523929	A	G	6.12164e-05	
chrY	14524019	G	T	2.98891e-05	
chrY	14524058	C	T	2.99742e-05	
chrY	14524069	G	A	6.00889e-05	
chrY	14524127	G	A	3.00879e-05	
chrY	14524130	G	C	3.00625e-05	
chrY	14524142	T	C	0.210247	
chrY	14524151	GAA	G	0.000210166	
chrY	14524163	G	T	3.01414e-05	
chrY	14524164	C	T	3.0125e-05	
chrY	14524168	G	C	0.000150871	
chrY	14524180	A	G	3.02535e-05	
chrY	14524211	GC	G	3.03085e-05	
chrY	14524216	C	T	0.000151598	
chrY	14524233	C	T	3.03361e-05	
chrY	14524265	C	T	9.18442e-05	
chrY	14524278	C	G	3.06288e-05	
chrY	14524319	C	T	3.0977e-05	
chrY	14524322	T	G	6.22626e-05	
chrY	14524328	C	T	3.06711e-05	
chrY	14524329	A	G	3.08556e-05	
chrY	14524336	C	T	3.06861e-05	
chrY	14524381	A	C	3.06495e-05	
chrY	14524382	C	T	3.01033e-05	
chrY	14524383	C	A	3.01432e-05	
chrY	14524383	C	T	3.01432e-05	
chrY	14524387	C	G	3.00743e-05	
chrY	14524412	G	C	0.00147755	
chrY	14524430	C	A	2.96613e-05	
chrY	14524430	C	T	5.93225e-05	
chrY	14524435	C	A	2.95779e-05	
chrY	14524441	C	G	2.95552e-05	
chrY	14524491	C	A	0.00011745	
chrY	14524499	C	T	2.94421e-05	
chrY	14524500	G	A	2.94533e-05	
chrY	14524504	C	A	0.000353066	
chrY	14524517	T	A	2.9634e-05	
chrY	14524527	G	A	0.00821211	
chrY	14524536	G	A	2.92851e-05	
chrY	14524557	G	A	2.93169e-05	
chrY	14524567	G	A	8.79095e-05	
chrY	14524580	A	G	5.86768e-05	
chrY	14524611	C	G	2.91511e-05	
chrY	14524618	C	T	2.90698e-05	
chrY	14524642	A	G	2.96454e-05	
chrY	14524645	C	A	2.90385e-05	
chrY	14524661	T	C	8.76373e-05	
chrY	14524667	GA	G	2.90579e-05	
chrY	14524684	G	A	2.90664e-05	
chrY	14524693	G	A	2.90977e-05	
chrY	14524694	CG	C	2.92714e-05	
chrY	14524708	G	A	0.000116673	
chrY	14524715	G	A	0.000175024	
chrY	14524715	G	GCAGATGGT	5.83414e-05	
chrY	14524729	G	A	2.91486e-05	
chrY	14524734	C	A	2.92903e-05	
chrY	14524736	A	T	2.95989e-05	
chrY	14524755	G	A	2.92304e-05	
chrY	14524777	C	T	2.92766e-05	
chrY	14524778	G	A	2.92783e-05	
chrY	14524818	G	C	2.94429e-05	
chrY	14524830	G	A	2.91562e-05	
chrY	14524834	G	A	8.72321e-05	
chrY	14524852	T	G	2.90757e-05	
chrY	14524892	C	T	5.77734e-05	
chrY	14524904	C	A	2.89293e-05	
chrY	14524920	C	T	8.70499e-05	
chrY	14524944	G	A	2.92005e-05	
chrY	14524945	G	A	2.92141e-05	
chrY	14524963	C	T	2.94221e-05	
chrY	14524968	G	A	2.9509e-05	
chrY	14524973	G	A	2.95937e-05	
chrY	14524976	T	G	3.0568e-05	
chrY	14524994	C	T	5.94849e-05	
chrY	14525003	G	C	0.000179888	
chrY	14525069	A	G	9.18921e-05	
chrY	14525077	T	G	3.06232e-05	
chrY	14525087	A	AGGAGCG	0.000603373	
chrY	14525087	AGGAGCG	A	6.03373e-05	
chrY	14525096	A	G	3.00625e-05	
chrY	14525096	AGCGGGAGCGGGG	A	3.00625e-05	
chrY	14525097	G	A	2.98276e-05	
chrY	14525099	G	T	8.95362e-05	
chrY	14525104	C	T	2.98071e-05	
chrY	14525105	G	T	2.97974e-05	
chrY	14525185	G	A	2.9256e-05	
chrY	14525191	C	T	5.86184e-05	
chrY	14525223	C	G	2.93376e-05	
chrY	14525232	A	G	0.000386456	
chrY	14525236	C	CT	2.95858e-05	
chrY	14525250	C	CT	0.000216069	
chrY	14525253	T	G	2.99303e-05	
chrY	14525263	G	A	3.11497e-05	
chrY	14525275	T	C	3.01969e-05	
chrY	14525312	CTT	C	3.10299e-05	
chrY	14525323	T	C	0.000586311	
chrY	14525395	C	A	6.22219e-05	
chrY	14525399	G	A	3.10154e-05	
chrY	14525421	G	A	0.000223164	
chrY	14525454	C	G	3.20277e-05	
chrY	14525476	G	C	3.12588e-05	
chrY	14525501	A	G	3.03933e-05	
chrY	14525542	G	T	0.000296859	
chrY	14525548	T	A	2.98329e-05	
chrY	14525562	G	C	8.97451e-05	
chrY	14525591	G	A	3.01996e-05	
chrY	14525631	T	C	3.00075e-05	
chrY	14525649	A	G	3.09205e-05	
chrY	14525669	T	C	3.04395e-05	
chrY	14525674	A	AT	0.00043035	
chrY	14525697	G	T	3.29077e-05	
chrY	14525702	TG	T	3.13588e-05	
chrY	19075522	A	G	9.00766e-05	
chrY	19075560	A	G	3.00508e-05	
chrY	19075625	C	T	0.00780988	
chrY	19075641	G	A	3.04072e-05	
chrY	19075658	C	A	3.05148e-05	
chrY	19075677	G	T	3.09387e-05	
chrY	19075679	T	C	0.000125298	
chrY	19075697	T	C	6.3857e-05	
chrY	19075698	A	G	6.26606e-05	
chrY	19075699	C	T	3.15229e-05	
chrY	19075701	GACACACACACAT	G	0.000158811	
chrY	19075707	C	G	3.15278e-05	
chrY	19075730	G	C	6.37857e-05	
chrY	19075746	GACAC	G	3.23112e-05	
chrY	19075770	C	T	3.16576e-05	
chrY	19075770	CATGTGGCAGGGACACACACACGACTGA	C	3.16576e-05	
chrY	19075783	C	A	9.32952e-05	
chrY	19075793	A	G	3.14396e-05	
chrY	19075794	C	T	3.13598e-05	
chrY	19075808	G	GAC	6.40574e-05	
chrY	19075818	C	G	0.0583016	
chrY	19075868	T	TC	3.14881e-05	
chrY	19075877	C	G	0.00120908	
chrY	19075884	C	G	3.0115e-05	
chrY	19075887	C	A	3.01505e-05	
chrY	19075900	G	A	0.000181203	
chrY	19075905	G	A	0.000242197	
chrY	19075933	C	G	3.00526e-05	
chrY	19075986	C	A	6.03664e-05	
chrY	19075988	G	C	3.03785e-05	
chrY	19076012	G	C	9.26612e-05	
chrY	19076030	C	G	0.000122748	
chrY	19076040	C	G	3.10308e-05	
chrY	19076047	T	A	3.34024e-05	
chrY	19076089	TCCAGCAACCCTGCCTTTCGCCCGCCC	T	3.42009e-05	
chrY	19076117	C	T	6.28476e-05	
chrY	19076120	C	A	3.13303e-05	
chrY	19076131	T	C	3.16907e-05	
chrY	19076135	C	A	3.12276e-05	
chrY	19076143	T	C	6.33513e-05	
chrY	19076145	C	T	3.10087e-05	
chrY	19076146	C	T	3.10029e-05	
chrY	19076149	C	A	9.28333e-05	
chrY	19076175	C	T	6.06575e-05	
chrY	19076199	G	C	6.04157e-05	
chrY	19076206	T	C	3.0087e-05	
chrY	19076241	C	A	0.000120326	
chrY	19076290	CATCCTGGCTAACACGGTAAA	C	3.09291e-05	
chrY	19076306	G	GA	3.13676e-05	
chrY	19076307	T	C	3.15916e-05	
chrY	19076307	T	TGTTTTAGTA	3.15916e-05	
chrY	19076314	C	T	3.15746e-05	
chrY	19076316	G	A	3.16296e-05	
chrY	19076317	T	C	0.000159597	
chrY	19076320	T	C	0.00215337	
chrY	19076341	T	A	6.45099e-05	
chrY	19076343	T	C	3.22009e-05	
chrY	19076350	G	A	3.14743e-05	
chrY	19076368	T	C	3.13745e-05	
chrY	19076423	G	T	3.06899e-05	
chrY	19076428	T	C	3.08976e-05	
chrY	19076436	GC	G	3.05297e-05	
chrY	19076491	A	AAAAT	6.25763e-05	
chrY	19076520	A	T	3.11294e-05	
chrY	19076529	C	A	0.000801999	
chrY	19076532	A	C	0.000586782	
chrY	19076549	G	A	3.05867e-05	
chrY	19076587	G	T	3.06805e-05	
chrY	19076612	C	G	3.0954e-05	
chrY	19076615	C	G	3.09818e-05	
chrY	19076620	G	A	3.14971e-05	
chrY	19076620	G	T	3.14971e-05	
chrY	19076655	C	A	3.2668e-05	
chrY	19076701	G	A	7.71397e-05	
chrY	19076703	G	A	4.23137e-05	
chrY	19076709	G	A	4.999e-05	
chrY	19076744	G	A	3.55303e-05	
chrY	19076745	A	G	7.52615e-05	
chrY	19076800	C	T	6.97156e-05	
chrY	19076836	G	C	6.80527e-05	
chrY	19076855	G	C	3.14327e-05	
chrY	19076860	C	T	3.08785e-05	
chrY	19076860	CT	C	3.08785e-05	
chrY	19076872	C	T	3.10078e-05	
chrY	19076940	C	T	8.73159e-05	
chrY	19076964	G	A	2.91163e-05	
chrY	19076982	A	G	2.9135e-05	
chrY	19076985	G	C	2.90107e-05	
chrY	19076987	C	A	0.000840726	
chrY	19076988	G	C	0.000116141	
chrY	19077003	G	A	2.86336e-05	
chrY	19077059	T	G	5.69671e-05	
chrY	19077077	C	G	2.83801e-05	
chrY	19077092	C	T	0.000199277	
chrY	19077097	G	C	0.000370138	
chrY	19077112	C	G	0.000142556	
chrY	19077112	C	T	2.85111e-05	
chrY	19077125	C	G	2.84544e-05	
chrY	19077140	C	A	2.85136e-05	
chrY	19077149	A	G	2.86459e-05	
chrY	19077152	G	A	2.85201e-05	
chrY	19077166	AGGCCTGGCCGAATTGCGGGCAGGC	A	2.87919e-05	
chrY	19077175	C	A	2.88584e-05	
chrY	19077192	G	A	5.75805e-05	
chrY	19077208	C	G	2.87712e-05	
chrY	19077218	C	G	2.88517e-05	
chrY	19077219	G	C	8.65501e-05	
chrY	19077224	C	T	0.000201578	
chrY	19077230	C	A	0.00317607	
chrY	19077236	A	T	2.90588e-05	
chrY	19077250	A	G	2.89948e-05	
chrY	19077252	C	A	5.77117e-05	
chrY	19077254	G	A	2.88759e-05	
chrY	19077255	G	A	5.77217e-05	
chrY	19077266	A	C	0.000175711	
chrY	19077269	G	A	2.90057e-05	
chrY	19077278	T	C	5.88045e-05	
chrY	19077284	A	C	8.87915e-05	
chrY	19077305	C	G	2.89101e-05	
chrY	19077320	C	T	5.77517e-05	
chrY	19077342	A	G	2.8855e-05	
chrY	19077344	G	A	5.76685e-05	
chrY	19077368	T	C	2.90689e-05	
chrY	19077369	G	T	8.706e-05	
chrY	19077375	G	A	5.82683e-05	
chrY	19077375	G	GCACCCCA	5.82683e-05	
chrY	19077395	G	A	0.000203761	
chrY	19077412	G	A	2.91783e-05	
chrY	19077440	G	A	2.91928e-05	
chrY	19077448	G	T	2.92312e-05	
chrY	19077459	G	A	5.85343e-05	
chrY	19077469	G	A	5.84932e-05	
chrY	19077473	TGAAGG	T	0.000590772	
chrY	19077509	G	C	5.85978e-05	
chrY	19077511	T	C	2.97292e-05	
chrY	19077519	G	C	2.92886e-05	
chrY	19077532	C	T	5.89102e-05	
chrY	19077536	G	C	8.78966e-05	
chrY	19077539	T	C	2.94126e-05	
chrY	19077543	C	A	2.93669e-05	
chrY	19077544	G	A	2.92757e-05	
chrY	19077550	G	A	5.84027e-05	
chrY	19077563	T	A	0.00105671	
chrY	19077585	A	G	5.77334e-05	
chrY	19077592	A	G	5.76502e-05	
chrY	19077609	T	C	2.90943e-05	
chrY	19077614	T	C	2.88077e-05	
chrY	19077623	G	C	2.87869e-05	
chrY	19077624	T	C	2.88043e-05	
chrY	19077710	T	C	2.87464e-05	
chrY	19077724	T	A	0.000143786	
chrY	19077725	G	A	2.86615e-05	
chrY	19077738	T	C	2.87134e-05	
chrY	19077748	G	A	2.86229e-05	
chrY	19077775	G	T	2.85788e-05	
chrY	19077830	C	A	2.86197e-05	
chrY	19077866	G	A	2.88284e-05	
chrY	19077867	G	C	0.000230667	
chrY	19077881	G	C	2.90681e-05	
chrY	19077898	A	T	2.95937e-05	
chrY	19077908	C	G	2.92158e-05	
chrY	19077913	C	A	2.92278e-05	
chrY	19077931	A	G	8.75682e-05	
chrY	19077956	G	T	2.89578e-05	
chrY	19077988	G	T	2.88027e-05	
chrY	19078000	G	A	2.88351e-05	
chrY	19078031	C	T	2.89419e-05	
chrY	19078058	G	C	2.87233e-05	
chrY	19078071	C	G	2.87084e-05	
chrY	19078082	C	T	5.74284e-05	
chrY	19078092	G	A	0.000114571	
chrY	19078094	C	A	2.86229e-05	
chrY	19078113	A	G	0.00530984	
chrY	19566697	A	G	0.000147732	
chrY	19566701	C	G	2.97133e-05	
chrY	19566704	G	A	2.97637e-05	
chrY	19566708	C	A	2.98543e-05	
chrY	19566709	C	T	2.98116e-05	
chrY	19566725	G	T	2.96903e-05	
chrY	19566730	A	G	2.97575e-05	
chrY	19566734	T	C	5.93225e-05	
chrY	19566740	G	C	2.98936e-05	
chrY	19566745	C	T	5.96374e-05	
chrY	19566766	C	G	2.97592e-05	
chrY	19566780	ACCTACC	A	8.94988e-05	
chrY	19566793	C	A	5.93085e-05	
chrY	19566802	T	C	0.000118113	
chrY	19566826	G	T	5.92084e-05	
chrY	19566847	C	A	5.90563e-05	
chrY	19566848	C	T	5.90894e-05	
chrY	19566851	A	G	2.93651e-05	
chrY	19566873	T	C	2.96868e-05	
chrY	19566875	G	A	2.9469e-05	
chrY	19566890	C	T	2.93729e-05	
chrY	19566932	C	T	2.94594e-05	
chrY	19566996	G	A	2.98846e-05	
chrY	19567032	GAAGA	G	0.000179576	
chrY	19567043	CTCTT	C	0.000661535	
chrY	19567065	A	T	3.0259e-05	
chrY	19567078	G	T	3.02572e-05	
chrY	19567084	G	A	9.07167e-05	
chrY	19567084	G	T	3.02389e-05	
chrY	19567085	T	C	3.0397e-05	
chrY	19567095	C	G	0.00054407	
chrY	19567106	A	C	3.02636e-05	
chrY	19567127	C	CT	3.04072e-05	
chrY	19567129	T	G	0.00015181	
chrY	19567155	G	T	6.08069e-05	
chrY	19567169	T	C	3.01623e-05	
chrY	19567170	G	A	3.02554e-05	
chrY	19567172	C	A	3.03251e-05	
chrY	19567173	G	A	6.08643e-05	
chrY	19567192	G	A	3.03141e-05	
chrY	19567208	C	T	3.04934e-05	
chrY	19567225	A	G	6.14987e-05	
chrY	19567228	T	C	3.13834e-05	
chrY	19567247	A	G	6.0757e-05	
chrY	19567256	G	A	3.03748e-05	
chrY	19567262	G	C	3.0421e-05	
chrY	19567282	T	C	0.00179778	
chrY	19567326	C	T	6.15328e-05	
chrY	19567327	C	T	3.07333e-05	
chrY	19567329	G	A	3.06091e-05	
chrY	19567354	G	A	3.03306e-05	
chrY	19567356	G	T	3.03748e-05	
chrY	19567365	C	T	3.04562e-05	
chrY	19567368	T	C	3.13657e-05	
chrY	19567426	G	T	0.000278371	
chrY	19567427	G	A	6.18544e-05	
chrY	19567453	A	G	3.17652e-05	
chrY	19567465	A	C	3.16336e-05	
chrY	19567496	C	T	3.14139e-05	
chrY	19567506	G	A	3.09818e-05	
chrY	19567544	A	T	3.09186e-05	
chrY	19567570	G	A	3.02325e-05	
chrY	19567665	C	G	0.00149714	
chrY	19567668	C	A	5.86459e-05	
chrY	19567691	C	T	2.918e-05	
chrY	19567695	C	T	2.92099e-05	
chrY	19567704	T	C	2.92543e-05	
chrY	19567753	G	A	2.93229e-05	
chrY	19567780	G	A	2.96042e-05	
chrY	19567782	G	A	2.95421e-05	
chrY	19567789	A	G	2.96138e-05	
chrY	19567814	A	G	2.97983e-05	
chrY	19567819	C	T	0.000653265	
chrY	19567857	C	T	2.97823e-05	
chrY	19567858	A	T	2.98623e-05	
chrY	19567872	A	G	2.95981e-05	
chrY	19567900	C	T	2.94542e-05	
chrY	19567922	C	T	0.000643595	
chrY	19567930	C	T	5.85497e-05	
chrY	19567941	A	G	0.000204804	
chrY	19567978	T	A	5.89397e-05	
chrY	19568043	GTCTCTCTCTT	G	2.95701e-05	
chrY	19568043	GTCTCTCTCTTTCTC	G	5.91401e-05	
chrY	19568046	T	C	2.93462e-05	
chrY	19568049	C	G	5.85394e-05	
chrY	19743962	T	C	2.96657e-05	
chrY	19743973	T	C	2.9641e-05	
chrY	19743980	A	G	2.96173e-05	
chrY	19744001	A	G	5.8782e-05	
chrY	19744003	C	T	0.000206265	
chrY	19744005	C	A	2.94811e-05	
chrY	19744031	T	G	0.000175136	
chrY	19744043	C	T	2.93772e-05	
chrY	19744057	C	T	2.94551e-05	
chrY	19744070	G	A	8.8493e-05	
chrY	19744077	A	G	2.96367e-05	
chrY	19744093	A	G	2.95395e-05	
chrY	19744101	A	G	2.95779e-05	
chrY	19744114	G	A	5.94477e-05	
chrY	19744126	T	C	2.95386e-05	
chrY	19744144	T	C	2.9641e-05	
chrY	19744146	G	C	2.97027e-05	
chrY	19744183	T	C	2.97921e-05	
chrY	19744188	T	G	2.95753e-05	
chrY	19744228	T	G	2.96007e-05	
chrY	19744281	AG	A	3.00174e-05	
chrY	19744287	T	A	2.99285e-05	
chrY	19744290	G	C	0.000180636	
chrY	19744331	C	T	3.05988e-05	
chrY	19744358	T	A	0.000121933	
chrY	19744385	C	T	9.21036e-05	
chrY	19744394	G	A	3.06222e-05	
chrY	19744415	C	A	3.04729e-05	
chrY	19744416	T	A	3.04423e-05	
chrY	19744461	T	C	3.05829e-05	
chrY	19744497	T	G	3.04757e-05	
chrY	19744527	G	A	0.000879748	
chrY	19744541	C	A	3.02828e-05	
chrY	19744553	G	C	3.01823e-05	
chrY	19744571	C	T	3.01996e-05	
chrY	19744572	A	G	3.03527e-05	
chrY	19744577	C	A	9.06344e-05	
chrY	19744587	G	A	3.03998e-05	
chrY	19744593	G	T	3.04368e-05	
chrY	19744602	A	C	6.11004e-05	
chrY	19744610	G	A	6.11378e-05	
chrY	19744625	A	C	3.07418e-05	
chrY	19744642	A	G	6.06134e-05	
chrY	19744654	A	C	3.01486e-05	
chrY	19744682	G	T	6.0529e-05	
chrY	19744684	T	A	3.02627e-05	
chrY	19744704	T	C	3.04312e-05	
chrY	19744708	G	C	9.20923e-05	
chrY	19744709	A	C	3.13962e-05	
chrY	19744716	G	C	9.25526e-05	
chrY	19744717	G	A	0.000307768	
chrY	19744721	T	C	0.00162134	
chrY	19744725	G	A	3.06129e-05	
chrY	19744727	G	A	6.12914e-05	
chrY	19744735	A	G	6.15366e-05	
chrY	19744736	G	T	3.07154e-05	
chrY	19744748	C	G	3.06185e-05	
chrY	19744757	AT	A	3.1081e-05	
chrY	19744762	T	A	3.04906e-05	
chrY	19744790	C	A	3.02682e-05	
chrY	19744797	A	C	3.01887e-05	
chrY	19744802	A	C	3.01996e-05	
chrY	19744832	T	C	2.99599e-05	
chrY	19744857	C	A	3.00138e-05	
chrY	19744874	T	G	2.96367e-05	
chrY	19744888	A	G	2.95072e-05	
chrY	19744896	A	G	2.94152e-05	
chrY	19744945	A	G	8.86525e-05	
chrY	19744972	A	G	2.94057e-05	
chrY	19744975	G	A	2.95011e-05	
chrY	19744977	A	G	2.93936e-05	
chrY	19744978	G	T	5.89918e-05	
chrY	19744980	A	G	2.95893e-05	
chrY	19744997	T	G	2.96402e-05	
chrY	19745004	C	T	2.95946e-05	
chrY	19745007	C	G	2.96182e-05	
chrY	19745007	CGAA	C	2.96182e-05	
chrY	19745013	AT	A	2.97089e-05	
chrY	19745017	C	G	2.96402e-05	
chrY	19745021	G	A	2.95727e-05	
chrY	19745033	C	G	2.97141e-05	
chrY	19745047	T	A	0.000120362	
chrY	19745049	C	A	0.000120591	
chrY	19745062	C	CT	0.00074753	
chrY	19745062	CT	C	0.000129959	
chrY	19745077	C	T	3.07342e-05	
chrY	19745099	T	C	0.000182654	
chrY	19745101	C	A	3.04062e-05	
chrY	19745121	C	T	3.02819e-05	
chrY	19745122	T	A	2.9994e-05	
chrY	19745129	C	T	6.05473e-05	
chrY	19745131	C	A	3.01951e-05	
chrY	19745138	C	T	3.01878e-05	
chrY	19745159	G	GA	2.99392e-05	
chrY	19745171	C	T	2.9746e-05	
chrY	19745183	A	G	2.93876e-05	
chrY	19745191	G	C	2.93513e-05	
chrY	19745195	G	A	8.80643e-05	
chrY	19745211	T	C	0.000613407	
chrY	19745231	C	T	2.93221e-05	
chrY	19745239	G	C	2.91996e-05	
chrY	19745265	G	A	2.94551e-05	
chrY	19745297	T	C	5.90058e-05	
chrY	19745298	A	G	2.95186e-05	
chrY	19745308	A	G	5.89744e-05	
chrY	19745314	G	A	2.96428e-05	
chrY	19745317	C	A	2.97018e-05	
chrY	20575046	TTG	T	3.00969e-05	
chrY	20575057	C	T	0.000243132	
chrY	20575067	C	T	3.06476e-05	
chrY	20575153	A	C	3.17682e-05	
chrY	20575153	A	G	3.17682e-05	
chrY	20575200	G	A	3.23897e-05	
chrY	20575271	A	G	3.39328e-05	
chrY	20575305	C	G	3.99936e-05	
chrY	20575321	G	T	4.21248e-05	
chrY	20575344	TC	T	0.00015656	
chrY	20575345	C	CA	0.0415541	
chrY	20575345	CA	C	0.00166988	
chrY	20575360	AAAAG	A	3.19295e-05	
chrY	20575362	A	AG	0.000128029	
chrY	20575362	A	G	0.000512115	
chrY	20575362	AAG	A	9.60215e-05	
chrY	20575366	G	A	3.37223e-05	
chrY	20575372	A	T	6.31872e-05	
chrY	20575375	G	A	3.25892e-05	
chrY	20575382	A	C	3.15119e-05	
chrY	20575424	T	C	3.16546e-05	
chrY	20575444	G	A	3.0977e-05	
chrY	20575448	T	C	0.000124054	
chrY	20575467	A	T	3.05979e-05	
chrY	20575484	G	C	3.07607e-05	
chrY	20575511	T	C	6.141e-05	
chrY	20575512	T	C	3.07059e-05	
chrY	20575519	G	A	0.00235586	
chrY	20575524	A	C	3.11071e-05	
chrY	20575527	C	T	3.10463e-05	
chrY	20575533	G	A	3.12412e-05	
chrY	20575568	C	T	3.05932e-05	
chrY	20575573	T	C	3.05334e-05	
chrY	20575603	C	G	3.02654e-05	
chrY	20575627	T	C	3.01677e-05	
chrY	20575632	G	A	3.02042e-05	
chrY	20575641	A	G	3.02526e-05	
chrY	20575643	G	A	3.01595e-05	
chrY	20575699	C	A	3.02663e-05	
chrY	20575700	AG	A	3.04349e-05	
chrY	20575736	G	A	0.000120842	
chrY	20575743	G	A	3.00951e-05	
chrY	20575759	T	C	2.99168e-05	
chrY	20575771	C	T	0.000149334	
chrY	20575777	C	G	2.99913e-05	
chrY	20575779	C	T	2.98677e-05	
chrY	20575786	C	T	2.98045e-05	
chrY	20575800	T	C	2.99133e-05	
chrY	20575809	C	T	2.9857e-05	
chrY	20575815	G	C	5.97407e-05	
chrY	20575840	G	C	3.0021e-05	
chrY	20575870	C	A	0.000119439	
chrY	20575894	C	T	2.97495e-05	
chrY	20575903	T	C	0.000148787	
chrY	20575915	C	T	2.9808e-05	
chrY	20575944	G	T	2.97779e-05	
chrY	20575983	T	G	2.97106e-05	
chrY	20575988	A	G	5.93983e-05	
chrY	20575989	C	G	5.92909e-05	
chrY	20575990	T	C	0.000207795	
chrY	20576041	C	T	2.99401e-05	
chrY	20576057	A	G	5.9997e-05	
chrY	20576060	C	T	0.000120565	
chrY	20576067	T	A	3.03739e-05	
chrY	20576077	C	G	3.01759e-05	
chrY	20576125	A	G	2.98606e-05	
chrY	20576169	C	T	5.95096e-05	
chrY	20576177	C	A	2.98998e-05	
chrY	20576190	A	G	2.96402e-05	
chrY	20576193	C	G	0.000237565	
chrY	20576209	A	G	2.97584e-05	
chrY	20576228	T	C	0.000118235	
chrY	20576245	C	T	2.96912e-05	
chrY	20576261	A	G	5.92294e-05	
